{
    "laptop": {
        "color": {
            "r": 0.2399974648212968,
            "g": 0.757882979921687,
            "b": 0.7784611008547929
        }
    },
    "backpack": {
        "color": {
            "r": 0.6289836064410339,
            "g": 0.5071052477069484,
            "b": 0.9011851644894249
        }
    },
    "lamp": {
        "color": {
            "r": 0.06517019709147731,
            "g": 0.40110023632023273,
            "b": 0.9006557993532408
        }
    },
    "bottle": {
        "color": {
            "r": 0.7449147910228786,
            "g": 0.43350423259636295,
            "b": 0.30340130835662993
        }
    },
    "box": {
        "color": {
            "r": 0.5528873715986318,
            "g": 0.6674834000394192,
            "b": 0.5418156986081571
        }
    }
}